date,company,deliveries,on_time_rate,avg_delivery_min,distance_km,fuel_l_per_100km,idle_min_per_vehicle,app_latency_ms,incidents,tickets_opened,tickets_resolved,csat,late_deliveries,fuel_total_liters,fuel_per_delivery_l
2025-01-01,MarsLog,163,0.9445,58.22,2286.6,25.67,13.67,317,1,3,3,3.46,9,586.97022,3.6010442944785277
2025-01-01,OrionCargo,187,0.98,39.17,2357.44,23.27,13.09,206,2,6,6,3.99,4,548.576288,2.933563037433155
2025-01-01,VegaTrans,135,0.9383,50.81,1834.18,26.52,10.48,257,1,0,0,4.01,8,486.424536,3.6031447111111112
2025-01-02,MarsLog,159,0.8942,42.02,3823.4,19.41,9.43,334,1,5,4,4.14,17,742.12194,4.667433584905661
2025-01-02,OrionCargo,153,0.9667,48.28,2164.72,19.18,12.16,237,1,7,5,3.91,5,415.193296,2.7136816732026143
2025-01-02,VegaTrans,146,0.925,45.58,1872.63,24.67,8.32,187,3,5,5,3.39,11,461.97782100000006,3.1642316506849317
2025-01-03,MarsLog,128,0.98,50.11,2267.06,22.59,12.8,245,1,1,0,3.84,3,512.128854,4.001006671875
2025-01-03,OrionCargo,189,0.9292,49.71,4552.27,20.66,14.71,327,2,5,4,3.96,13,940.4989820000002,4.976185089947091
2025-01-03,VegaTrans,143,0.9154,53.22,2920.06,23.11,9.36,229,1,1,0,3.92,12,674.8258659999999,4.719061999999999
2025-01-04,MarsLog,140,0.927,42.04,1798.1,25.08,9.35,209,2,4,2,3.74,10,450.96347999999995,3.221167714285714
2025-01-04,OrionCargo,164,0.9395,50.96,3011.51,20.83,17.18,302,0,2,1,4.12,10,627.2975329999999,3.824984957317073
2025-01-04,VegaTrans,167,0.98,47.86,2092.52,20.34,19.03,304,0,0,0,3.72,3,425.618568,2.5486141796407185
2025-01-05,MarsLog,166,0.9132,58.53,2288.77,21.56,9.74,241,2,8,8,3.78,14,493.45881199999997,2.9726434457831323
2025-01-05,OrionCargo,110,0.9545,60.19,1589.85,22.22,16.31,191,2,5,4,4.28,5,353.26466999999997,3.2114969999999996
2025-01-05,VegaTrans,128,0.906,37.63,3190.78,19.97,7.62,259,1,0,0,3.97,12,637.198766,4.978115359375
2025-01-06,MarsLog,119,0.9188,59.99,2404.37,21.34,12.86,346,1,5,3,3.3,10,513.0925579999999,4.311702168067226
2025-01-06,OrionCargo,191,0.9655,43.32,4485.72,21.2,14.77,137,2,2,2,3.46,7,950.9726400000001,4.978914345549739
2025-01-06,VegaTrans,130,0.9291,58.82,2736.29,22.14,9.17,267,2,7,7,3.64,9,605.814606,4.660112353846154
2025-01-07,MarsLog,166,0.98,49.8,2544.89,18.0,9.27,264,0,1,0,3.87,3,458.0802,2.7595192771084336
2025-01-07,OrionCargo,160,0.9566,47.24,2115.48,18.08,10.49,260,1,6,5,3.1,7,382.478784,2.3904924000000003
2025-01-07,VegaTrans,163,0.8743,61.18,2531.4,20.8,13.07,296,1,9,9,3.28,20,526.5312,3.2302527607361964
2025-01-08,MarsLog,152,0.9299,64.11,2319.7,20.83,19.83,217,0,4,3,3.91,11,483.19350999999995,3.1789046710526314
2025-01-08,OrionCargo,160,0.9725,66.72,2826.2,22.35,7.54,267,0,2,0,3.59,4,631.6557,3.947848125
2025-01-08,VegaTrans,149,0.98,53.68,2705.11,19.43,11.19,177,1,3,1,3.74,3,525.602873,3.527536060402685
2025-01-09,MarsLog,220,0.9526,60.05,5339.53,25.7,17.16,287,2,8,6,3.82,10,1372.25921,6.2375418636363635
2025-01-09,OrionCargo,168,0.98,49.79,2484.66,19.59,10.53,245,1,1,0,4.24,3,486.744894,2.897291035714286
2025-01-09,VegaTrans,140,0.935,60.19,3277.0,25.53,15.9,295,0,5,3,3.38,9,836.6181000000001,5.975843571428572
2025-01-10,MarsLog,156,0.9537,61.86,2563.15,20.36,18.67,229,1,4,4,3.98,7,521.85734,3.345239358974359
2025-01-10,OrionCargo,173,0.9366,56.4,4213.92,21.56,20.28,321,1,8,8,3.21,11,908.521152,5.251567352601156
2025-01-10,VegaTrans,172,0.9741,53.81,2192.7,19.53,5.0,359,1,7,7,4.16,4,428.23431,2.4897343604651163
2025-01-11,MarsLog,151,0.98,50.77,3562.79,18.37,12.38,181,0,7,6,3.78,3,654.484523,4.334334589403973
2025-01-11,OrionCargo,139,0.9403,56.26,2434.57,25.57,11.39,256,1,7,7,3.91,8,622.519549,4.47855790647482
2025-01-11,VegaTrans,144,0.892,50.04,2717.11,21.91,18.52,245,2,3,1,3.66,16,595.318801,4.134158340277778
2025-01-12,MarsLog,158,0.9685,62.68,2829.63,24.19,17.12,362,1,4,4,4.02,5,684.4874970000001,4.332199348101266
2025-01-12,OrionCargo,137,0.9246,41.89,2683.49,20.61,5.1,280,2,0,0,4.25,10,553.067289,4.036987510948904
2025-01-12,VegaTrans,156,0.9373,56.21,2644.45,19.14,12.17,331,1,4,4,3.65,10,506.14772999999997,3.2445367307692305
2025-01-13,MarsLog,181,0.98,45.7,2654.47,20.17,8.81,196,0,6,5,3.87,4,535.406599,2.958047508287293
2025-01-13,OrionCargo,138,0.9362,55.91,3041.54,27.01,17.36,261,1,3,1,3.97,9,821.519954,5.953043144927536
2025-01-13,VegaTrans,196,0.98,51.2,2389.06,20.9,16.43,146,1,5,4,3.95,4,499.31353999999993,2.5475180612244896
2025-01-14,MarsLog,181,0.9439,55.66,3813.55,18.0,11.78,341,2,5,4,3.47,10,686.439,3.7924806629834253
2025-01-14,OrionCargo,187,0.8904,54.41,2557.31,21.84,14.56,206,0,7,5,3.46,20,558.516504,2.986719272727273
2025-01-14,VegaTrans,171,0.9487,46.08,3878.84,23.11,7.39,178,0,10,9,4.48,9,896.399924,5.24210481871345
2025-01-15,MarsLog,129,0.9014,54.73,2701.41,19.75,8.08,264,1,4,2,3.59,13,533.528475,4.13587965116279
2025-01-15,OrionCargo,153,0.8557,46.57,2755.98,25.55,16.85,208,2,4,2,3.17,22,704.15289,4.602306470588235
2025-01-15,VegaTrans,138,0.9387,49.79,2667.75,23.32,6.37,269,1,8,7,3.18,8,622.1193,4.5081108695652174
2025-01-16,MarsLog,162,0.913,63.94,2853.08,23.31,11.32,220,1,0,0,3.92,14,665.0529479999999,4.105265111111111
2025-01-16,OrionCargo,173,0.9397,53.17,3989.49,18.0,13.3,311,1,5,4,3.79,10,718.1082,4.150914450867052
2025-01-16,VegaTrans,174,0.9558,66.42,2721.31,25.88,9.79,289,0,6,6,2.7,8,704.275028,4.047557632183908
2025-01-17,MarsLog,207,0.9578,52.85,3845.93,22.17,11.63,283,1,12,11,2.98,9,852.642681,4.119046768115942
2025-01-17,OrionCargo,146,0.9775,60.47,2882.52,23.7,5.0,204,0,4,2,3.72,3,683.15724,4.679159178082192
2025-01-17,VegaTrans,163,0.9409,61.39,2252.18,22.51,10.21,292,0,6,4,3.49,10,506.96571800000004,3.110219128834356
2025-01-18,MarsLog,180,0.9565,59.07,3758.18,18.0,19.52,231,2,11,11,3.11,8,676.4724,3.75818
2025-01-18,OrionCargo,156,0.9797,59.16,3137.95,22.0,6.29,321,0,6,5,4.13,3,690.3489999999999,4.425314102564102
2025-01-18,VegaTrans,166,0.9567,51.39,2528.24,19.71,18.47,279,1,8,8,3.5,7,498.316104,3.001904240963855
2025-01-19,MarsLog,98,0.931,62.52,2088.41,26.91,17.42,279,2,0,0,3.41,7,561.991131,5.734603377551021
2025-01-19,OrionCargo,169,0.9014,69.65,2067.79,22.32,20.11,297,2,10,9,4.05,17,461.530728,2.730951053254438
2025-01-19,VegaTrans,154,0.9276,52.17,3524.66,20.84,7.78,192,0,0,0,4.11,11,734.539144,4.7697347012987015
2025-01-20,MarsLog,190,0.9227,59.77,4552.04,18.0,7.61,181,2,2,2,3.56,15,819.3672,4.312458947368421
2025-01-20,OrionCargo,96,0.9439,52.96,1876.57,23.61,8.49,287,1,0,0,3.58,5,443.05817699999994,4.615189343749999
2025-01-20,VegaTrans,149,0.9096,49.63,2614.69,18.0,10.64,328,1,7,5,3.45,13,470.64420000000007,3.1586859060402688
2025-01-21,MarsLog,198,0.8393,43.44,3816.51,19.08,12.24,246,3,2,0,4.1,32,728.190108,3.6777278181818183
2025-01-21,OrionCargo,157,0.98,44.06,2284.27,22.61,22.49,261,0,7,5,3.76,3,516.473447,3.289639789808917
2025-01-21,VegaTrans,185,0.9706,54.02,4160.47,21.94,11.19,190,0,6,6,3.43,5,912.8071180000001,4.93409252972973
2025-01-22,MarsLog,172,0.8952,60.62,3891.8,21.55,8.08,213,1,7,6,3.07,18,838.6829,4.876063372093023
2025-01-22,OrionCargo,149,0.98,51.6,3675.7,22.94,10.78,267,2,4,4,3.23,3,843.20558,5.659097852348994
2025-01-22,VegaTrans,172,0.8768,47.26,2375.6,23.93,8.08,270,0,5,4,3.2,21,568.48108,3.305122558139535
2025-01-23,MarsLog,161,0.9176,65.6,2155.07,21.89,11.13,221,0,2,2,3.9,13,471.74482300000005,2.9300920683229816
2025-01-23,OrionCargo,140,0.9652,53.07,2377.31,23.82,9.85,255,0,3,1,3.74,5,566.275242,4.044823157142858
2025-01-23,VegaTrans,150,0.8885,49.63,3202.14,18.66,15.41,158,3,6,4,3.03,17,597.519324,3.9834621599999998
2025-01-24,MarsLog,175,0.9024,42.25,2899.75,21.12,19.6,219,1,8,8,3.37,17,612.4272,3.499584
2025-01-24,OrionCargo,133,0.9353,60.86,2862.02,22.19,14.89,322,2,0,0,3.61,9,635.0822380000001,4.775054421052632
2025-01-24,VegaTrans,169,0.9291,55.19,4223.58,20.58,7.71,414,0,6,4,3.41,12,869.2127639999999,5.143270792899408
2025-01-25,MarsLog,165,0.9711,54.1,2664.47,21.86,6.67,283,0,5,4,3.51,5,582.453142,3.530019042424242
2025-01-25,OrionCargo,160,0.9493,56.74,3564.7,18.0,16.63,166,2,6,4,3.67,8,641.646,4.0102875
2025-01-25,VegaTrans,166,0.9217,45.04,2851.5,23.35,11.72,219,2,0,0,3.5,13,665.8252500000001,4.010995481927711
2025-01-26,MarsLog,142,0.9127,54.6,2413.47,22.55,8.59,301,2,7,6,3.52,12,544.237485,3.8326583450704224
2025-01-26,OrionCargo,188,0.9517,53.33,4303.65,20.2,14.96,225,0,5,5,3.48,9,869.3372999999999,4.624134574468084
2025-01-26,VegaTrans,181,0.9185,51.75,4452.3,21.52,18.5,225,1,3,3,3.82,15,958.1349600000001,5.293563314917128
2025-01-27,MarsLog,220,0.98,48.76,5149.54,22.17,9.75,229,5,6,4,3.42,4,1141.653018,5.1893319
2025-01-27,OrionCargo,169,0.9176,60.18,3283.19,22.04,15.0,380,3,3,3,3.44,14,723.6150759999999,4.281746011834319
2025-01-27,VegaTrans,138,0.9132,49.23,3237.66,23.45,12.7,293,1,2,0,3.82,12,759.2312699999999,5.501675869565217
2025-01-28,MarsLog,177,0.9266,54.77,2138.69,25.12,16.0,169,2,7,5,4.37,13,537.238928,3.0352481807909606
2025-01-28,OrionCargo,158,0.9155,54.49,3621.61,21.13,8.1,236,2,6,6,3.39,13,765.2461930000001,4.843330335443039
2025-01-28,VegaTrans,123,0.98,50.92,2869.59,22.08,9.96,275,1,8,7,3.67,2,633.605472,5.151263999999999
2025-01-29,MarsLog,186,0.9399,62.19,2953.47,22.15,14.46,291,0,6,6,3.72,11,654.1936049999999,3.5171699193548385
2025-01-29,OrionCargo,138,0.98,59.19,2068.54,21.24,7.19,339,3,5,3,3.85,3,439.357896,3.1837528695652173
2025-01-29,VegaTrans,209,0.8426,58.94,5136.73,21.53,12.93,188,0,11,11,4.01,33,1105.9379689999998,5.291569229665071
2025-01-30,MarsLog,168,0.884,56.01,2603.48,20.35,10.62,323,1,4,3,3.31,19,529.80818,3.153620119047619
2025-01-30,OrionCargo,200,0.971,59.57,2779.4,23.9,12.94,198,0,1,1,3.65,6,664.2765999999999,3.3213829999999995
2025-01-30,VegaTrans,164,0.9423,55.62,2155.33,18.0,11.5,251,0,1,0,3.54,9,387.9594,2.365606097560976
2025-01-31,MarsLog,186,0.9015,57.09,2532.36,22.33,13.83,314,2,9,7,3.77,18,565.475988,3.040193483870968
2025-01-31,OrionCargo,173,0.9787,52.63,3523.41,25.06,19.16,264,0,2,0,3.51,4,882.9665459999999,5.103852867052022
2025-01-31,VegaTrans,156,0.9374,46.57,2972.15,24.88,9.25,256,1,0,0,3.5,10,739.47092,4.740198205128205
2025-02-01,MarsLog,198,0.9357,60.06,3471.22,24.08,7.74,169,1,6,5,3.99,13,835.8697759999999,4.221564525252525
2025-02-01,OrionCargo,168,0.98,44.0,3309.69,20.33,18.11,335,1,6,4,3.79,3,672.859977,4.005118910714286
2025-02-01,VegaTrans,136,0.98,38.14,1754.23,22.71,8.62,244,1,9,7,4.0,3,398.38563300000004,2.929306125
2025-02-02,MarsLog,162,0.8947,47.31,3572.93,24.92,6.83,246,0,5,4,3.12,17,890.374156,5.496136765432099
2025-02-02,OrionCargo,149,0.9565,67.29,3625.41,18.68,9.47,176,1,5,5,2.91,6,677.226588,4.545144885906041
2025-02-02,VegaTrans,181,0.9567,60.33,2656.34,22.43,11.13,222,0,7,7,3.68,8,595.8170620000001,3.291806972375691
2025-02-03,MarsLog,141,0.964,55.18,2953.49,19.57,10.44,120,1,0,0,3.85,5,577.997993,4.099276546099291
2025-02-03,OrionCargo,220,0.9333,61.15,3217.3,19.3,13.77,218,2,9,8,3.8,15,620.9389000000001,2.8224495454545457
2025-02-03,VegaTrans,169,0.9378,58.44,3927.55,20.59,11.01,274,5,0,0,3.96,11,808.682545,4.785103816568047
2025-02-04,MarsLog,171,0.9514,56.16,3312.48,22.9,14.74,277,1,8,7,3.85,8,758.55792,4.436011228070175
2025-02-04,OrionCargo,163,0.9684,52.06,2585.07,24.17,6.95,323,2,7,7,2.92,5,624.8114190000001,3.8331988895705527
2025-02-04,VegaTrans,156,0.8853,65.07,3128.33,24.57,5.0,222,2,0,0,2.98,18,768.630681,4.92711975
2025-02-05,MarsLog,169,0.8722,61.55,3668.89,18.0,14.0,374,3,5,3,3.67,22,660.4001999999999,3.90769349112426
2025-02-05,OrionCargo,154,0.9264,44.45,2418.32,21.68,16.62,221,1,9,9,3.89,11,524.291776,3.404492051948052
2025-02-05,VegaTrans,146,0.9401,56.37,2102.34,22.87,16.39,217,0,3,2,3.91,9,480.80515800000006,3.2931860136986306
2025-02-06,MarsLog,179,0.98,54.55,4361.92,20.69,17.02,275,1,6,5,3.24,4,902.481248,5.041794681564246
2025-02-06,OrionCargo,192,0.9268,56.5,2942.09,25.69,17.01,204,4,2,2,3.53,14,755.8229210000001,3.936577713541667
2025-02-06,VegaTrans,189,0.9535,53.09,2326.08,21.52,17.36,352,1,10,9,3.07,9,500.572416,2.6485313015873015
2025-02-07,MarsLog,163,0.9086,64.9,2894.12,24.28,19.75,236,0,8,7,3.41,15,702.692336,4.310995926380368
2025-02-07,OrionCargo,191,0.9253,50.13,3894.25,24.09,6.22,353,1,2,1,4.34,14,938.1248250000001,4.91164829842932
2025-02-07,VegaTrans,161,0.9445,46.26,3172.76,23.93,8.17,300,1,4,3,3.46,9,759.241468,4.7157855155279504
2025-02-08,MarsLog,216,0.9523,49.99,4170.93,21.7,8.51,293,1,11,11,3.55,10,905.0918100000001,4.190239861111111
2025-02-08,OrionCargo,116,0.9156,50.25,2404.71,23.93,11.9,236,3,2,2,3.46,10,575.447103,4.9607508879310345
2025-02-08,VegaTrans,157,0.926,55.13,2507.58,23.69,8.33,129,1,4,3,3.91,12,594.045702,3.783730585987261
2025-02-09,MarsLog,125,0.98,38.71,2377.07,21.83,18.1,317,2,5,3,3.51,3,518.914381,4.151315048000001
2025-02-09,OrionCargo,145,0.9207,48.47,3579.03,25.22,17.14,287,0,11,10,3.5,11,902.631366,6.225043903448276
2025-02-09,VegaTrans,162,0.9721,49.12,2951.16,22.66,5.95,255,0,3,3,3.79,5,668.732856,4.127980592592593
2025-02-10,MarsLog,194,0.9158,44.83,3302.65,25.09,7.52,276,0,10,8,3.56,16,828.6348849999999,4.271313840206186
2025-02-10,OrionCargo,161,0.9177,52.53,2143.49,20.18,11.27,270,3,7,6,3.08,13,432.55628199999995,2.6866849813664593
2025-02-10,VegaTrans,149,0.9258,53.84,2164.98,24.4,8.06,150,3,2,1,2.71,11,528.2551199999999,3.5453363758389256
2025-02-11,MarsLog,186,0.98,47.84,3728.62,23.21,15.94,222,1,1,0,3.43,4,865.4127020000001,4.652756462365592
2025-02-11,OrionCargo,206,0.927,54.43,2873.83,19.59,17.4,206,1,3,3,2.82,15,562.983297,2.7329286262135923
2025-02-11,VegaTrans,183,0.9041,53.75,4409.23,21.04,16.19,218,2,0,0,3.48,18,927.7019919999998,5.069409792349726
2025-02-12,MarsLog,177,0.9025,57.72,3302.62,20.3,12.06,267,0,4,2,3.64,17,670.4318599999999,3.787750621468926
2025-02-12,OrionCargo,156,0.98,47.91,3443.0,18.44,8.01,284,0,5,4,3.45,3,634.8892000000001,4.069802564102565
2025-02-12,VegaTrans,192,0.98,46.28,2606.98,20.5,17.51,285,1,3,2,4.02,4,534.4309000000001,2.7834942708333337
2025-02-13,MarsLog,213,0.98,58.27,4373.79,23.24,10.74,202,1,3,2,3.01,4,1016.4687959999999,4.772153971830986
2025-02-13,OrionCargo,191,0.9378,51.53,2782.32,21.06,13.85,306,0,6,6,3.72,12,585.956592,3.0678355602094243
2025-02-13,VegaTrans,185,0.8655,48.07,4573.05,23.62,14.84,362,0,5,4,3.4,25,1080.15441,5.838672486486487
2025-02-14,MarsLog,187,0.905,51.75,3473.73,23.45,14.93,304,2,7,7,2.97,18,814.5896849999999,4.356094572192513
2025-02-14,OrionCargo,182,0.8968,53.98,2564.57,24.55,18.34,277,2,6,5,3.5,19,629.601935,3.459351291208791
2025-02-14,VegaTrans,184,0.8751,59.69,2657.76,25.69,18.04,228,1,3,2,3.76,23,682.7785440000001,3.71075295652174
2025-02-15,MarsLog,197,0.9752,57.68,3568.49,22.96,7.96,253,1,3,2,3.92,5,819.325304,4.159011695431472
2025-02-15,OrionCargo,143,0.8599,46.45,3192.41,25.28,14.13,216,2,8,7,4.22,20,807.041248,5.643645090909091
2025-02-15,VegaTrans,220,0.9167,52.91,3561.23,22.11,8.86,283,3,6,6,4.06,18,787.3879529999999,3.57903615
2025-02-16,MarsLog,168,0.894,50.03,2497.82,21.68,19.11,300,3,8,6,3.77,18,541.527376,3.223377238095238
2025-02-16,OrionCargo,200,0.9645,56.17,2829.76,21.93,15.23,354,3,4,4,3.22,7,620.566368,3.10283184
2025-02-16,VegaTrans,111,0.8975,55.98,2242.78,22.84,13.42,271,0,2,2,3.22,11,512.250952,4.614873441441441
2025-02-17,MarsLog,176,0.9205,49.42,4185.51,19.87,9.43,204,2,5,3,3.34,14,831.660837,4.725345664772727
2025-02-17,OrionCargo,181,0.8834,44.67,4289.31,19.48,13.43,294,1,0,0,3.36,21,835.5575880000001,4.6163402651933705
2025-02-17,VegaTrans,189,0.9285,57.25,2737.76,20.16,7.64,194,2,3,2,3.56,14,551.932416,2.9202773333333334
2025-02-18,MarsLog,205,0.98,52.03,4346.38,22.14,8.89,257,1,7,6,4.01,4,962.288532,4.6940904
2025-02-18,OrionCargo,176,0.9726,48.85,3912.59,24.29,11.06,204,3,5,4,4.06,5,950.368111,5.3998188125
2025-02-18,VegaTrans,188,0.8944,52.1,4569.58,20.3,19.39,285,2,1,0,3.24,20,927.62474,4.93417414893617
2025-02-19,MarsLog,155,0.9268,60.83,2626.55,23.18,13.19,172,0,5,5,4.09,11,608.83429,3.9279631612903225
2025-02-19,OrionCargo,206,0.8718,38.87,3965.84,24.74,14.8,198,2,13,11,3.6,26,981.1488159999999,4.762858330097087
2025-02-19,VegaTrans,156,0.944,66.72,2041.27,19.2,13.33,271,2,1,0,3.79,9,391.92384,2.5123323076923074
2025-02-20,MarsLog,190,0.8953,52.06,3216.2,23.41,14.98,248,0,6,6,3.82,20,752.91242,3.962696947368421
2025-02-20,OrionCargo,178,0.8366,52.96,2538.08,24.67,17.0,302,0,3,3,3.34,29,626.1443360000001,3.5176648089887643
2025-02-20,VegaTrans,161,0.9505,47.39,3140.18,26.89,15.68,293,1,3,1,3.41,8,844.394402,5.244685726708075
2025-02-21,MarsLog,188,0.915,58.3,2938.55,20.77,18.35,320,1,8,7,3.14,16,610.336835,3.2464725265957446
2025-02-21,OrionCargo,176,0.9373,56.13,4112.23,23.75,6.38,171,0,2,0,3.52,11,976.6546249999999,5.5491740056818175
2025-02-21,VegaTrans,167,0.9217,56.67,2611.96,22.41,11.04,304,3,7,5,3.42,13,585.340236,3.5050313532934134
2025-02-22,MarsLog,190,0.98,52.46,2310.64,20.89,5.0,234,1,8,6,3.39,4,482.69269599999996,2.5404878736842105
2025-02-22,OrionCargo,205,0.98,53.17,4577.55,21.34,12.53,224,3,7,7,4.1,4,976.84917,4.765117902439024
2025-02-22,VegaTrans,186,0.98,47.08,3056.09,21.49,10.8,231,2,9,8,4.08,4,656.753741,3.5309340913978495
2025-02-23,MarsLog,159,0.8863,57.32,2463.94,21.99,16.76,250,0,5,3,3.39,18,541.820406,3.4076755094339624
2025-02-23,OrionCargo,171,0.8959,46.62,3409.76,21.8,9.46,222,1,8,8,3.37,18,743.32768,4.346945497076024
2025-02-23,VegaTrans,169,0.8699,51.97,3825.6,24.22,17.45,270,1,4,2,3.57,22,926.5603199999999,5.482605443786982
2025-02-24,MarsLog,172,0.8966,46.79,2983.04,18.0,14.1,292,1,3,3,3.62,18,536.9472000000001,3.1217860465116285
2025-02-24,OrionCargo,173,0.9457,60.77,3566.33,23.34,13.32,207,2,8,7,3.36,9,832.3814219999999,4.8114533063583815
2025-02-24,VegaTrans,213,0.969,61.02,2584.05,18.0,15.14,267,3,2,2,3.72,7,465.129,2.1837042253521126
2025-02-25,MarsLog,190,0.98,48.78,3266.44,21.5,11.5,163,1,8,6,3.58,4,702.2846,3.696234736842105
2025-02-25,OrionCargo,184,0.8896,56.73,2749.26,24.66,9.39,133,2,4,4,3.53,20,677.967516,3.6846060652173915
2025-02-25,VegaTrans,217,0.98,56.49,2730.32,19.19,13.11,125,1,10,8,3.52,4,523.9484080000001,2.4145087926267284
2025-02-26,MarsLog,211,0.8735,45.62,3129.68,25.26,13.16,281,1,4,2,3.53,27,790.5571679999999,3.746716436018957
2025-02-26,OrionCargo,155,0.9248,53.94,3725.16,21.53,5.68,171,0,4,3,3.2,12,802.026948,5.174367406451613
2025-02-26,VegaTrans,180,0.93,55.99,4094.5,24.17,12.27,285,1,1,1,3.67,13,989.64065,5.498003611111112
2025-02-27,MarsLog,151,0.9249,58.57,2511.19,20.7,14.92,309,0,10,10,3.64,11,519.81633,3.442492251655629
2025-02-27,OrionCargo,185,0.9397,60.17,2554.77,18.0,20.9,202,1,8,7,4.32,11,459.85859999999997,2.485722162162162
2025-02-27,VegaTrans,220,0.9085,55.38,4673.13,21.76,19.57,354,1,4,4,3.61,20,1016.8730880000002,4.622150400000001
2025-02-28,MarsLog,180,0.8721,55.34,4180.7,23.06,6.19,341,1,3,1,4.01,23,964.0694199999998,5.355941222222222
2025-02-28,OrionCargo,178,0.946,57.53,3191.14,22.63,20.98,186,2,2,0,3.37,10,722.154982,4.057050460674158
2025-02-28,VegaTrans,180,0.9592,68.11,4327.74,22.3,12.33,231,3,2,1,3.18,7,965.0860200000001,5.361589
2025-03-01,MarsLog,214,0.8834,63.93,5323.7,22.4,12.67,242,1,7,7,3.72,25,1192.5087999999998,5.572471028037382
2025-03-01,OrionCargo,193,0.9609,53.93,2510.82,19.61,5.83,156,0,3,3,3.56,8,492.371802,2.5511492331606216
2025-03-01,VegaTrans,185,0.9425,51.58,3424.0,21.32,15.21,313,0,5,3,3.39,11,729.9968,3.945928648648649
2025-03-02,MarsLog,195,0.9036,45.39,2726.16,20.1,17.56,278,1,10,8,3.41,19,547.95816,2.810041846153846
2025-03-02,OrionCargo,184,0.9573,67.26,3702.48,18.6,13.27,225,0,8,6,3.86,8,688.66128,3.742724347826087
2025-03-02,VegaTrans,211,0.98,56.15,3276.48,20.49,5.0,250,0,4,4,3.75,4,671.3507519999999,3.181757118483412
2025-03-03,MarsLog,169,0.9169,60.48,2165.73,19.37,16.13,207,1,1,0,3.31,14,419.50190100000003,2.4822597692307693
2025-03-03,OrionCargo,190,0.9586,42.84,4592.71,18.85,9.42,275,0,7,7,3.7,8,865.7258350000001,4.556451763157895
2025-03-03,VegaTrans,198,0.8836,56.4,4334.91,22.22,13.52,275,1,7,6,3.97,23,963.217002,4.864732333333333
2025-03-04,MarsLog,185,0.8765,61.25,3364.7,21.3,14.39,214,1,4,4,3.65,23,716.6811,3.873951891891892
2025-03-04,OrionCargo,193,0.9273,58.32,3500.96,19.07,11.63,280,2,6,5,3.3,14,667.633072,3.4592387150259065
2025-03-04,VegaTrans,188,0.9017,69.78,2464.57,19.51,13.44,243,3,2,1,3.85,18,480.83760700000005,2.557646845744681
2025-03-05,MarsLog,179,0.8746,40.01,3383.49,21.6,12.94,265,2,1,0,3.93,22,730.83384,4.08287061452514
2025-03-05,OrionCargo,174,0.9009,56.38,2260.78,24.74,6.89,180,0,0,0,3.32,17,559.316972,3.214465356321839
2025-03-05,VegaTrans,188,0.9763,46.42,2259.31,18.1,16.19,171,2,6,6,3.77,4,408.93511,2.175186755319149
2025-03-06,MarsLog,162,0.8867,57.07,3214.53,22.41,10.31,261,3,11,9,3.71,18,720.376173,4.4467665
2025-03-06,OrionCargo,154,0.8887,52.92,3094.07,21.24,14.69,348,0,6,4,3.96,17,657.180468,4.267405636363637
2025-03-06,VegaTrans,196,0.8721,62.88,3724.9,19.84,13.94,242,3,5,4,3.34,25,739.02016,3.7705110204081635
2025-03-07,MarsLog,146,0.9198,66.84,1896.7,21.96,16.17,222,1,2,1,3.58,12,416.51532,2.8528446575342463
2025-03-07,OrionCargo,184,0.9573,55.95,2535.7,23.55,12.47,266,1,6,4,3.37,8,597.15735,3.2454203804347825
2025-03-07,VegaTrans,187,0.9257,52.07,3686.95,18.0,13.5,219,1,6,4,3.62,14,663.651,3.548935828877005
2025-03-08,MarsLog,212,0.8987,50.64,3183.5,24.62,18.96,248,5,9,7,2.83,21,783.7777000000001,3.69706462264151
2025-03-08,OrionCargo,155,0.9356,59.76,3328.66,20.76,12.03,205,0,10,9,3.54,10,691.0298160000001,4.458256877419355
2025-03-08,VegaTrans,220,0.8529,69.25,2899.46,21.37,6.65,242,2,1,1,4.07,32,619.6146020000001,2.8164300090909093
2025-03-09,MarsLog,169,0.8866,46.04,2113.53,22.12,11.51,304,2,6,5,4.48,19,467.51283600000005,2.7663481420118345
2025-03-09,OrionCargo,182,0.9174,60.01,4185.28,21.57,18.51,227,3,2,0,3.24,15,902.7648959999999,4.960246681318681
2025-03-09,VegaTrans,189,0.8978,46.6,4428.92,19.68,9.41,256,1,8,7,3.83,19,871.611456,4.6117008253968255
2025-03-10,MarsLog,188,0.9619,50.44,2964.83,21.69,11.71,294,1,3,2,3.71,7,643.071627,3.420593760638298
2025-03-10,OrionCargo,168,0.8686,49.29,2019.22,20.22,16.03,196,2,1,1,3.11,22,408.28628399999997,2.4302754999999996
2025-03-10,VegaTrans,165,0.8725,53.26,4124.02,20.02,7.77,237,2,1,0,2.9,21,825.6288040000001,5.003810933333334
2025-03-11,MarsLog,166,0.9294,57.07,4046.89,25.42,6.35,306,2,10,10,4.71,12,1028.719438,6.197105048192771
2025-03-11,OrionCargo,214,0.9483,59.17,4500.36,21.67,15.18,281,0,4,4,3.84,11,975.228012,4.557140242990655
2025-03-11,VegaTrans,203,0.8639,59.97,3584.82,24.96,5.84,295,1,8,8,3.44,28,894.771072,4.40773927093596
2025-03-12,MarsLog,186,0.9257,59.26,4207.82,19.42,14.75,261,0,11,10,3.63,14,817.158644,4.393326043010752
2025-03-12,OrionCargo,198,0.8954,58.55,3984.83,24.54,16.92,228,1,7,6,3.5,21,977.877282,4.938774151515152
2025-03-12,VegaTrans,189,0.8819,49.26,3135.22,19.3,7.09,330,2,3,3,3.87,22,605.09746,3.2015738624338623
2025-03-13,MarsLog,159,0.956,53.23,3860.18,20.46,17.99,324,1,9,9,3.49,7,789.792828,4.9672504905660375
2025-03-13,OrionCargo,198,0.8998,57.43,2641.43,21.89,14.55,264,1,1,1,3.71,20,578.209027,2.920247611111111
2025-03-13,VegaTrans,150,0.8805,54.79,2323.64,18.43,16.99,187,2,2,0,3.45,18,428.246852,2.8549790133333333
2025-03-14,MarsLog,220,0.9554,61.31,4384.62,24.37,7.96,200,3,8,6,3.78,10,1068.531894,4.856963154545454
2025-03-14,OrionCargo,202,0.9575,51.12,4071.78,21.47,14.91,245,2,8,7,4.17,9,874.211166,4.327778049504951
2025-03-14,VegaTrans,187,0.8986,56.37,4467.27,21.08,6.59,235,2,10,10,4.06,19,941.7005160000001,5.035831636363637
2025-03-15,MarsLog,218,0.946,57.83,4935.26,19.04,12.24,241,0,3,2,2.99,12,939.673504,4.310428917431192
2025-03-15,OrionCargo,220,0.9444,56.78,4993.73,23.0,12.86,301,0,10,8,3.88,12,1148.5578999999998,5.220717727272726
2025-03-15,VegaTrans,169,0.9061,59.01,3312.03,21.46,6.07,278,2,4,4,4.09,16,710.7616380000001,4.2056901656804735
2025-03-16,MarsLog,196,0.9393,54.4,3715.24,25.06,14.14,228,1,7,7,4.1,12,931.039144,4.750199714285714
2025-03-16,OrionCargo,189,0.8267,56.02,4545.91,20.5,14.74,248,2,4,4,3.37,33,931.91155,4.930748941798942
2025-03-16,VegaTrans,209,0.9418,53.12,4697.48,25.04,20.06,137,0,5,5,3.69,12,1176.2489919999998,5.627985607655502
2025-03-17,MarsLog,176,0.9253,57.99,3558.51,23.44,7.11,212,0,7,6,3.51,13,834.1147440000001,4.739288318181819
2025-03-17,OrionCargo,193,0.98,56.0,4014.44,20.98,12.9,262,1,2,2,3.82,4,842.229512,4.363883481865285
2025-03-17,VegaTrans,220,0.877,54.01,3868.68,18.0,15.71,289,2,0,0,3.73,27,696.3624,3.165283636363636
2025-03-18,MarsLog,171,0.8512,54.43,3206.24,21.38,7.82,303,0,0,0,3.3,25,685.4941119999999,4.008737497076023
2025-03-18,OrionCargo,200,0.9638,53.81,4360.05,22.36,13.89,301,1,4,4,3.3,7,974.90718,4.874535900000001
2025-03-18,VegaTrans,196,0.9385,48.34,3895.17,22.1,11.27,210,0,2,2,3.86,12,860.8325700000001,4.392002908163266
2025-03-19,MarsLog,207,0.9449,57.55,4791.02,25.2,8.92,359,1,8,7,3.77,11,1207.3370400000001,5.832546086956523
2025-03-19,OrionCargo,195,0.9709,56.17,4477.83,22.76,5.0,242,2,3,2,3.66,6,1019.1541080000001,5.226431323076923
2025-03-19,VegaTrans,166,0.8736,55.24,2384.16,20.61,15.92,292,2,5,5,3.54,21,491.37537599999996,2.960092626506024
2025-03-20,MarsLog,142,0.9243,50.82,2391.7,18.95,12.01,222,2,6,6,3.21,11,453.22714999999994,3.191740492957746
2025-03-20,OrionCargo,220,0.844,56.46,3858.56,20.72,18.39,433,1,8,6,3.17,34,799.4936319999999,3.634061963636363
2025-03-20,VegaTrans,178,0.8804,57.07,4237.64,23.22,15.36,350,3,5,5,3.12,21,983.980008,5.5279775730337075
2025-03-21,MarsLog,169,0.9588,46.59,3345.7,22.71,16.18,306,1,4,2,3.28,7,759.80847,4.495908106508876
2025-03-21,OrionCargo,216,0.9224,60.22,3333.49,19.19,13.46,292,1,8,8,3.28,17,639.696731,2.961558939814815
2025-03-21,VegaTrans,215,0.9184,53.78,5328.34,25.22,15.48,301,1,5,4,3.08,18,1343.807348,6.250266734883721
2025-03-22,MarsLog,198,0.8349,56.55,3207.47,21.54,16.33,252,3,3,1,3.52,33,690.889038,3.489338575757576
2025-03-22,OrionCargo,208,0.922,48.57,2556.64,21.32,17.64,223,1,2,1,3.85,16,545.075648,2.620556
2025-03-22,VegaTrans,163,0.9421,54.58,1967.33,19.1,12.07,296,1,5,3,3.43,9,375.76003,2.3052762576687114
2025-03-23,MarsLog,220,0.8769,47.22,4347.0,20.69,14.7,138,0,9,8,3.73,27,899.3943,4.08815590909091
2025-03-23,OrionCargo,174,0.9015,66.7,3620.58,20.73,15.22,252,0,11,9,3.58,17,750.5462339999999,4.313484103448276
2025-03-23,VegaTrans,220,0.9107,52.71,3223.92,25.16,13.26,228,2,6,5,3.15,20,811.1382720000001,3.6869921454545462
2025-03-24,MarsLog,204,0.9062,57.54,4786.04,22.32,17.67,279,1,4,2,3.67,19,1068.244128,5.236490823529412
2025-03-24,OrionCargo,169,0.8896,60.75,3967.76,22.68,8.58,300,2,2,0,3.91,19,899.8879680000001,5.324780875739646
2025-03-24,VegaTrans,183,0.8828,59.39,3630.63,19.5,15.5,273,1,3,3,2.87,21,707.97285,3.8687040983606558
2025-03-25,MarsLog,207,0.9072,57.85,4608.3,18.0,8.15,243,1,9,9,2.7,19,829.4939999999999,4.007217391304348
2025-03-25,OrionCargo,147,0.876,51.68,2336.12,24.7,11.29,243,0,8,8,3.14,18,577.0216399999999,3.9253172789115642
2025-03-25,VegaTrans,210,0.9546,53.72,4650.92,18.79,8.13,187,0,6,6,3.62,10,873.907868,4.161466038095238
2025-03-26,MarsLog,142,0.8778,48.22,3042.36,18.0,20.55,313,2,7,7,3.59,17,547.6248,3.8565126760563384
2025-03-26,OrionCargo,190,0.8795,67.94,3662.16,21.08,17.57,341,0,4,2,3.63,23,771.9833279999999,4.06307014736842
2025-03-26,VegaTrans,220,0.8826,53.8,5361.13,21.3,14.22,188,1,2,0,3.78,26,1141.9206900000001,5.190548590909091
2025-03-27,MarsLog,192,0.8994,50.99,4437.34,21.0,13.94,248,1,6,5,3.86,19,931.8414,4.853340625
2025-03-27,OrionCargo,191,0.9104,52.74,4272.77,19.48,10.02,246,3,2,1,3.83,17,832.3355960000001,4.357777989528796
2025-03-27,VegaTrans,220,0.98,62.76,4423.15,23.08,9.88,260,1,7,7,3.11,4,1020.8630199999999,4.640286454545454
2025-03-28,MarsLog,189,0.8552,50.05,2853.13,20.46,13.17,320,2,0,0,3.33,27,583.750398,3.0886264444444445
2025-03-28,OrionCargo,198,0.8983,63.79,3600.42,19.82,17.54,307,0,2,0,3.8,20,713.6032439999999,3.6040567878787875
2025-03-28,VegaTrans,190,0.927,50.69,2366.23,21.92,5.0,362,1,5,5,3.47,14,518.6776160000001,2.7298821894736847
2025-03-29,MarsLog,179,0.8087,57.16,2588.13,22.49,14.81,302,1,5,3,3.21,34,582.070437,3.2517901508379885
2025-03-29,OrionCargo,171,0.9209,58.8,4117.49,26.56,10.23,249,0,5,5,4.06,14,1093.605344,6.3953528888888895
2025-03-29,VegaTrans,174,0.8249,50.15,2752.52,19.14,14.23,246,2,7,7,2.94,30,526.832328,3.0277719999999997
2025-03-30,MarsLog,198,0.911,49.06,4855.69,19.51,16.39,349,2,5,5,3.31,18,947.3451190000001,4.7845713080808085
2025-03-30,OrionCargo,198,0.8907,54.69,2886.92,23.78,11.1,224,1,4,2,2.86,22,686.509576,3.467220080808081
2025-03-30,VegaTrans,148,0.89,67.6,3221.26,21.1,14.97,354,3,1,0,4.17,16,679.68586,4.592472027027028
2025-03-31,MarsLog,180,0.9268,49.76,2859.33,24.45,12.15,201,4,5,4,3.16,13,699.106185,3.88392325
2025-03-31,OrionCargo,197,0.8938,57.58,3983.16,20.41,5.84,345,1,3,1,3.63,21,812.9629560000001,4.126715512690356
2025-03-31,VegaTrans,220,0.921,53.38,3574.63,24.09,12.3,265,1,11,9,3.82,17,861.1283669999999,3.9142198499999994
2025-04-01,MarsLog,200,0.9709,43.47,4839.62,23.24,5.0,201,0,6,4,3.58,6,1124.727688,5.62363844
2025-04-01,OrionCargo,163,0.8965,58.92,3535.04,22.78,11.08,287,0,1,0,3.64,17,805.2821120000001,4.940381055214725
2025-04-01,VegaTrans,152,0.8,53.79,2576.84,23.68,15.94,301,1,5,4,3.36,30,610.195712,4.01444547368421
2025-04-02,MarsLog,176,0.8957,66.08,4256.11,18.43,8.67,213,2,3,1,3.3,18,784.4010729999999,4.456824278409091
2025-04-02,OrionCargo,205,0.893,51.59,3405.19,22.58,5.0,331,3,4,4,3.46,22,768.8919020000001,3.750692204878049
2025-04-02,VegaTrans,220,0.9649,48.61,3463.7,20.03,10.52,257,1,6,5,3.14,8,693.7791100000001,3.1535414090909093
2025-04-03,MarsLog,152,0.8986,65.55,3717.24,22.05,14.43,246,4,5,5,4.14,15,819.6514199999999,5.392443552631579
2025-04-03,OrionCargo,177,0.9397,60.09,3638.18,21.54,11.02,241,2,6,6,3.07,11,783.663972,4.42748006779661
2025-04-03,VegaTrans,206,0.8152,54.92,3200.41,22.04,13.47,297,1,9,8,3.65,38,705.370364,3.4241279805825244
2025-04-04,MarsLog,182,0.846,50.81,4029.93,27.62,5.0,186,1,5,3,2.55,28,1113.066666,6.115750912087912
2025-04-04,OrionCargo,160,0.8735,53.59,3495.15,19.06,9.9,251,0,7,6,4.11,20,666.17559,4.1635974375
2025-04-04,VegaTrans,188,0.8823,48.79,2940.06,19.82,12.54,262,4,8,8,3.18,22,582.7198920000001,3.0995738936170216
2025-04-05,MarsLog,186,0.8845,55.58,3600.76,20.26,10.92,286,1,5,3,3.26,21,729.5139760000002,3.9221181505376355
2025-04-05,OrionCargo,175,0.91,58.66,4216.66,20.6,12.46,206,1,0,0,3.46,16,868.6319599999999,4.9636112
2025-04-05,VegaTrans,220,0.8776,46.59,3236.56,22.74,15.33,249,2,3,2,3.46,27,735.993744,3.345426109090909
2025-04-06,MarsLog,220,0.8485,58.92,3383.11,19.31,9.51,223,1,9,9,3.68,33,653.2785409999999,2.969447913636363
2025-04-06,OrionCargo,166,0.8873,55.96,3146.86,21.1,14.11,120,0,3,1,3.19,19,663.98746,3.9999244578313258
2025-04-06,VegaTrans,216,0.8918,53.44,4331.25,18.0,6.94,150,1,5,5,3.72,23,779.625,3.609375
2025-04-07,MarsLog,148,0.8607,58.92,2263.9,28.0,9.93,120,0,7,5,3.74,21,633.8919999999999,4.283054054054054
2025-04-07,OrionCargo,204,0.8661,52.79,4242.03,24.34,20.01,357,2,8,8,3.26,27,1032.510102,5.0613240294117645
2025-04-07,VegaTrans,206,0.8797,62.27,4218.69,18.89,16.25,188,0,7,5,3.3,25,796.910541,3.86849777184466
2025-04-08,MarsLog,168,0.931,59.21,2741.03,21.81,11.42,256,0,1,0,4.29,12,597.8186430000001,3.558444303571429
2025-04-08,OrionCargo,214,0.8308,57.15,4136.82,24.55,10.6,270,0,1,0,3.84,36,1015.5893099999998,4.745744439252336
2025-04-08,VegaTrans,163,0.8698,49.47,3069.47,24.68,15.71,283,4,6,4,3.13,21,757.5451959999999,4.6475165398773
2025-04-09,MarsLog,183,0.8819,49.84,3778.17,24.99,5.3,306,0,6,6,3.77,22,944.164683,5.159369852459016
2025-04-09,OrionCargo,196,0.9114,48.77,4622.78,19.31,8.28,271,0,9,7,3.67,17,892.6588179999999,4.5543817244897955
2025-04-09,VegaTrans,220,0.8166,47.92,2911.6,20.76,11.32,254,0,6,6,3.55,40,604.44816,2.7474916363636366
2025-04-10,MarsLog,187,0.9183,53.16,3017.8,18.0,17.41,257,2,8,8,4.02,15,543.2040000000001,2.9048342245989307
2025-04-10,OrionCargo,209,0.8542,56.39,4338.45,21.71,10.44,330,2,7,6,2.98,30,941.877495,4.506590885167464
2025-04-10,VegaTrans,188,0.8399,62.63,2466.26,27.98,18.32,405,0,8,7,3.65,30,690.0595480000001,3.670529510638298
2025-04-11,MarsLog,145,0.8854,64.66,2970.81,18.02,8.73,271,1,7,5,3.82,17,535.3399619999999,3.6919997379310336
2025-04-11,OrionCargo,190,0.9062,56.83,4688.69,22.42,10.88,313,4,8,8,2.85,18,1051.204298,5.5326542000000005
2025-04-11,VegaTrans,194,0.8391,55.38,2484.46,23.03,13.92,141,0,0,0,3.24,31,572.171138,2.949335762886598
2025-04-12,MarsLog,185,0.9198,63.78,3320.15,25.64,8.92,125,1,4,3,3.48,15,851.2864600000001,4.601548432432433
2025-04-12,OrionCargo,220,0.8557,44.88,3606.92,25.86,12.32,209,0,4,3,3.75,32,932.749512,4.239770509090909
2025-04-12,VegaTrans,170,0.8669,53.52,2692.98,20.81,21.29,286,1,8,6,3.58,23,560.409138,3.2965243411764704
2025-04-13,MarsLog,170,0.8834,62.46,2217.21,22.84,22.25,239,2,6,5,3.27,20,506.41076400000003,2.9788868470588237
2025-04-13,OrionCargo,126,0.8372,59.11,2071.95,25.39,15.07,181,1,3,2,3.39,21,526.068105,4.17514369047619
2025-04-13,VegaTrans,156,0.8552,52.03,3535.95,21.94,14.75,339,2,6,6,3.89,23,775.78743,4.972996346153846
2025-04-14,MarsLog,181,0.8743,58.76,2559.37,21.11,12.32,262,1,6,6,3.69,23,540.283007,2.9849889889502763
2025-04-14,OrionCargo,192,0.9392,58.58,2503.94,19.03,7.74,244,0,4,3,3.19,12,476.49978200000004,2.481769697916667
2025-04-14,VegaTrans,214,0.8623,50.59,3887.88,20.56,17.6,431,1,4,2,3.41,29,799.3481279999999,3.7352716261682235
2025-04-15,MarsLog,193,0.8213,53.71,4689.44,22.57,11.84,320,0,5,4,3.43,34,1058.406608,5.483972062176166
2025-04-15,OrionCargo,208,0.9194,61.34,2623.01,24.25,16.69,187,0,5,3,3.46,17,636.0799250000001,3.0580765625000006
2025-04-15,VegaTrans,220,0.8345,53.87,5467.22,22.34,15.77,273,0,2,1,3.46,36,1221.376948,5.551713400000001
2025-04-16,MarsLog,157,0.8942,49.48,2561.58,22.55,11.76,349,3,5,5,3.58,17,577.63629,3.6792120382165607
2025-04-16,OrionCargo,176,0.819,58.15,2525.88,22.09,11.42,336,2,6,6,3.62,32,557.966892,3.170266431818182
2025-04-16,VegaTrans,196,0.9053,66.73,3928.22,20.85,10.28,267,3,7,6,4.15,19,819.03387,4.178744234693878
2025-04-17,MarsLog,173,0.8261,54.92,3016.96,27.39,18.31,166,1,12,12,2.99,30,826.345344,4.776562682080924
2025-04-17,OrionCargo,175,0.9017,51.4,3691.0,21.91,17.72,212,1,1,1,3.59,17,808.6981,4.621131999999999
2025-04-17,VegaTrans,178,0.8486,66.63,3324.72,18.47,6.15,266,1,7,5,3.54,27,614.075784,3.4498639550561796
2025-04-18,MarsLog,171,0.8767,50.01,2615.78,21.25,7.86,315,1,0,0,3.83,21,555.85325,3.2506038011695906
2025-04-18,OrionCargo,180,0.9247,56.55,3498.77,22.41,10.46,211,0,2,2,3.24,14,784.074357,4.355968649999999
2025-04-18,VegaTrans,220,0.9394,57.77,4849.84,19.86,15.04,356,0,10,8,3.06,13,963.178224,4.378082836363636
2025-04-19,MarsLog,177,0.9028,48.78,2889.73,19.72,20.06,291,4,2,2,3.82,17,569.854756,3.219518395480226
2025-04-19,OrionCargo,196,0.8623,50.62,2703.94,20.32,13.38,335,1,8,7,3.79,27,549.440608,2.8032684081632655
2025-04-19,VegaTrans,200,0.8793,62.59,2617.68,23.26,7.05,180,1,4,2,3.23,24,608.872368,3.04436184
2025-04-20,MarsLog,197,0.8377,59.12,2893.66,26.24,5.71,272,2,4,2,2.99,32,759.2963839999999,3.854296365482233
2025-04-20,OrionCargo,208,0.8724,58.2,4645.84,23.2,17.75,220,0,9,8,4.02,27,1077.83488,5.181898461538462
2025-04-20,VegaTrans,175,0.8633,49.61,2665.43,22.02,17.33,231,1,3,2,3.67,24,586.927686,3.3538724914285716
2025-04-21,MarsLog,191,0.8843,55.28,3895.34,18.0,8.97,265,1,5,3,3.67,22,701.1612,3.671001047120419
2025-04-21,OrionCargo,205,0.8934,54.25,4747.92,22.87,14.67,219,2,5,3,3.59,22,1085.849304,5.296825873170732
2025-04-21,VegaTrans,182,0.942,52.27,2582.15,24.5,13.29,330,0,5,3,4.27,11,632.62675,3.475971153846154
2025-04-22,MarsLog,220,0.8645,54.63,3980.74,23.78,15.16,279,0,4,3,3.37,30,946.6199720000001,4.302818054545455
2025-04-22,OrionCargo,210,0.8601,61.99,3258.63,25.75,17.39,223,1,6,6,3.42,29,839.097225,3.9957010714285714
2025-04-22,VegaTrans,155,0.8733,54.55,1927.03,18.93,12.39,206,0,2,2,2.69,20,364.78677899999997,2.3534630903225806
2025-04-23,MarsLog,212,0.9363,44.63,4707.64,18.0,14.68,228,1,1,0,3.53,14,847.3752000000002,3.99705283018868
2025-04-23,OrionCargo,192,0.8899,50.11,4414.75,24.77,17.56,146,2,7,6,4.57,21,1093.533575,5.695487369791667
2025-04-23,VegaTrans,169,0.8891,57.09,2973.89,22.45,13.25,200,1,9,9,3.84,19,667.638305,3.9505225147928993
2025-04-24,MarsLog,194,0.8742,53.84,4220.16,21.13,16.41,179,0,10,8,3.42,24,891.719808,4.5964938556701025
2025-04-24,OrionCargo,189,0.9491,55.93,3455.3,21.8,13.5,158,2,2,0,4.1,10,753.2554000000001,3.9854783068783077
2025-04-24,VegaTrans,194,0.8627,56.25,2794.37,19.32,10.66,259,0,3,1,2.82,27,539.872284,2.7828468247422684
2025-04-25,MarsLog,186,0.9033,50.62,4537.33,21.21,12.37,241,0,2,1,3.41,18,962.367693,5.1740198548387095
2025-04-25,OrionCargo,192,0.8845,49.47,2355.81,19.05,12.79,186,1,3,2,2.58,22,448.781805,2.3374052343750003
2025-04-25,VegaTrans,220,0.8694,51.62,3466.45,19.86,7.75,169,1,3,3,3.71,29,688.4369699999999,3.129258954545454
2025-04-26,MarsLog,217,0.8579,49.57,4475.35,26.53,12.45,210,1,4,2,3.22,31,1187.310355,5.471476290322581
2025-04-26,OrionCargo,176,0.861,53.2,4280.52,19.16,15.0,233,0,5,4,3.58,24,820.1476320000002,4.659929727272728
2025-04-26,VegaTrans,220,0.8608,64.19,3927.81,25.58,20.04,279,4,8,7,3.59,31,1004.733798,4.566971809090909
2025-04-27,MarsLog,193,0.8218,53.51,2647.86,25.19,11.32,228,1,10,8,3.75,34,666.995934,3.455937481865285
2025-04-27,OrionCargo,206,0.9043,54.16,3737.4,18.52,14.29,120,1,4,3,3.53,20,692.16648,3.3600314563106797
2025-04-27,VegaTrans,176,0.8592,47.24,2997.01,23.6,11.26,251,1,2,2,3.5,25,707.2943600000001,4.018717954545455
2025-04-28,MarsLog,166,0.8519,66.97,3534.31,26.19,12.14,174,1,6,6,3.72,25,925.635789,5.576119210843374
2025-04-28,OrionCargo,153,0.8817,55.28,2995.84,21.62,10.69,270,1,5,4,3.44,18,647.7006080000001,4.233337307189543
2025-04-28,VegaTrans,182,0.896,56.84,3236.52,21.76,5.0,252,4,8,6,3.49,19,704.2667520000001,3.869597538461539
2025-04-29,MarsLog,143,0.9058,51.51,3100.63,22.12,11.46,258,0,8,6,2.95,13,685.859356,4.796219272727273
2025-04-29,OrionCargo,218,0.8075,59.9,4162.5,20.44,11.31,217,2,6,5,3.63,42,850.815,3.9028211009174316
2025-04-29,VegaTrans,220,0.8911,61.99,4101.38,25.12,10.58,257,0,2,2,3.15,24,1030.266656,4.6830302545454545
2025-04-30,MarsLog,189,0.9117,57.67,3742.82,20.16,16.43,306,2,3,2,3.66,17,754.5525120000001,3.992341333333334
2025-04-30,OrionCargo,146,0.9042,56.39,2860.28,18.62,14.79,238,0,8,6,3.2,14,532.5841360000001,3.647836547945206
2025-04-30,VegaTrans,154,0.8531,57.59,3119.92,26.74,11.15,230,0,6,5,2.85,23,834.266608,5.417315636363637
2025-05-01,MarsLog,166,0.9381,54.72,2550.72,23.81,11.15,215,1,1,0,3.75,10,607.326432,3.6585929638554213
2025-05-01,OrionCargo,199,0.8745,49.39,2702.1,22.63,9.92,300,1,1,1,3.3,25,611.48523,3.0727901005025124
2025-05-01,VegaTrans,205,0.8863,60.22,3487.5,20.19,17.8,264,2,1,0,3.27,23,704.12625,3.434762195121951
2025-05-02,MarsLog,132,0.849,65.63,2416.29,23.05,23.07,290,0,0,0,3.28,20,556.954845,4.219354886363636
2025-05-02,OrionCargo,214,0.8558,53.73,4871.43,20.86,14.1,264,2,0,0,3.08,31,1016.180298,4.74850606542056
2025-05-02,VegaTrans,182,0.8386,53.04,3181.77,23.92,13.37,236,2,3,3,3.37,29,761.079384,4.181754857142857
2025-05-03,MarsLog,189,0.8481,57.46,3990.03,24.7,16.97,183,1,3,3,3.83,29,985.53741,5.2144836507936505
2025-05-03,OrionCargo,179,0.8267,48.68,2296.65,22.66,9.48,229,1,6,5,3.54,31,520.42089,2.907379273743017
2025-05-03,VegaTrans,218,0.8,57.91,5258.89,20.95,9.92,286,2,7,6,3.72,44,1101.737455,5.053841536697248
2025-05-04,MarsLog,159,0.898,60.29,2892.56,20.84,9.16,362,0,1,0,3.7,16,602.809504,3.7912547421383644
2025-05-04,OrionCargo,145,0.8548,53.0,2354.83,22.42,8.76,261,1,3,3,3.38,21,527.952886,3.6410543862068967
2025-05-04,VegaTrans,169,0.9003,39.66,3422.12,22.35,9.36,279,1,3,2,2.56,17,764.8438199999999,4.525703076923077
2025-05-05,MarsLog,197,0.853,50.24,4158.77,19.09,15.85,232,1,1,0,3.23,29,793.9091930000001,4.0299959035533
2025-05-05,OrionCargo,213,0.8402,62.23,3056.24,21.71,18.18,222,1,11,10,3.35,34,663.5097039999999,3.1150690328638495
2025-05-05,VegaTrans,161,0.803,51.71,3928.61,23.14,14.86,337,1,8,8,3.22,32,909.0803540000002,5.6464618260869575
2025-05-06,MarsLog,198,0.8,57.22,2713.34,22.13,14.15,360,1,9,9,3.44,40,600.462142,3.0326370808080805
2025-05-06,OrionCargo,198,0.9249,56.91,3552.03,22.7,5.0,228,2,5,5,4.01,15,806.31081,4.072276818181818
2025-05-06,VegaTrans,198,0.8745,52.1,2536.12,20.96,11.08,320,1,7,7,3.89,25,531.570752,2.6847007676767674
2025-05-07,MarsLog,175,0.8489,61.68,3172.95,20.37,11.12,238,2,5,5,3.61,26,646.329915,3.6933138000000003
2025-05-07,OrionCargo,180,0.833,51.38,3811.14,19.01,9.41,273,3,4,3,3.03,30,724.497714,4.0249873
2025-05-07,VegaTrans,137,0.844,50.02,2729.53,22.55,19.13,288,1,6,4,3.5,21,615.5090150000001,4.492766532846716
2025-05-08,MarsLog,209,0.8,38.45,3265.21,23.73,7.41,310,1,3,1,3.48,42,774.8343329999999,3.707341306220095
2025-05-08,OrionCargo,161,0.9116,65.77,2754.36,21.37,9.68,184,4,6,6,3.64,14,588.6067320000001,3.655942434782609
2025-05-08,VegaTrans,220,0.8389,57.86,4165.31,18.0,8.91,249,3,7,6,2.95,35,749.7558,3.407980909090909
2025-05-09,MarsLog,168,0.847,50.74,3876.43,23.12,14.24,142,1,2,2,3.7,26,896.230616,5.334706047619048
2025-05-09,OrionCargo,138,0.859,38.19,3390.74,23.6,17.71,279,0,7,6,3.58,19,800.2146399999999,5.798656811594202
2025-05-09,VegaTrans,187,0.8807,49.42,2882.1,21.32,19.75,300,0,8,7,4.31,22,614.46372,3.2859022459893046
2025-05-10,MarsLog,200,0.8455,55.46,3234.59,23.4,21.35,284,1,1,1,3.07,31,756.89406,3.7844702999999997
2025-05-10,OrionCargo,183,0.921,55.42,3721.0,25.73,11.0,340,0,4,2,3.97,14,957.4133,5.231766666666667
2025-05-10,VegaTrans,169,0.8646,64.59,2491.5,23.62,12.8,338,0,8,7,2.99,23,588.4923,3.4822029585798817
2025-05-11,MarsLog,171,0.8294,51.59,2965.97,20.51,9.81,312,1,3,2,3.73,29,608.320447,3.5574295146198827
2025-05-11,OrionCargo,147,0.8242,51.0,3190.76,21.87,11.53,231,3,5,4,3.39,26,697.8192120000001,4.747069469387756
2025-05-11,VegaTrans,204,0.8331,53.21,4376.05,18.0,16.39,200,2,7,7,4.02,34,787.689,3.861220588235294
2025-05-12,MarsLog,220,0.8621,56.67,4683.35,18.91,11.62,263,1,5,5,3.57,30,885.621485,4.025552204545455
2025-05-12,OrionCargo,135,0.8754,47.97,2153.74,21.66,7.27,319,2,4,4,3.34,17,466.50008399999996,3.4555561777777775
2025-05-12,VegaTrans,165,0.9401,51.25,3350.58,21.96,12.1,208,0,1,0,3.68,10,735.787368,4.459317381818182
2025-05-13,MarsLog,173,0.8478,53.66,3254.92,28.0,8.67,320,2,7,6,3.95,26,911.3776,5.268078612716764
2025-05-13,OrionCargo,164,0.8395,51.79,3978.44,18.6,18.09,291,1,2,2,3.82,26,739.9898400000001,4.512133170731707
2025-05-13,VegaTrans,174,0.806,65.16,3451.74,21.83,6.98,210,0,6,4,3.22,34,753.5148419999998,4.330545068965516
2025-05-14,MarsLog,157,0.8692,54.71,1965.53,24.21,17.64,238,2,1,1,2.65,21,475.85481300000004,3.0309223757961785
2025-05-14,OrionCargo,196,0.8489,59.61,4851.7,21.53,17.67,299,2,5,3,3.33,30,1044.57101,5.329443928571428
2025-05-14,VegaTrans,171,0.8596,61.61,4032.32,22.78,6.28,133,0,8,7,3.7,24,918.562496,5.3717105029239764
2025-05-15,MarsLog,152,0.8634,54.47,2705.59,23.44,8.58,340,0,3,2,3.54,21,634.1902960000001,4.172304578947369
2025-05-15,OrionCargo,219,0.9069,69.98,4574.75,24.04,16.25,316,1,8,8,3.54,20,1099.7699,5.021780365296804
2025-05-15,VegaTrans,181,0.8311,52.8,2994.64,24.69,7.48,309,0,7,5,3.96,31,739.376616,4.084953679558011
2025-05-16,MarsLog,195,0.8672,48.78,4098.94,24.55,17.55,218,1,0,0,3.59,26,1006.28977,5.160460358974359
2025-05-16,OrionCargo,186,0.9057,62.68,3932.52,23.34,15.49,288,0,1,1,3.95,18,917.850168,4.934678322580646
2025-05-16,VegaTrans,194,0.829,51.86,3894.73,23.92,13.62,232,0,3,1,3.24,33,931.619416,4.80216193814433
2025-05-17,MarsLog,147,0.881,58.12,2898.53,19.85,9.97,328,1,1,0,3.07,17,575.3582050000001,3.914001394557824
2025-05-17,OrionCargo,174,0.9041,58.26,2532.86,21.11,7.66,294,2,0,0,4.21,17,534.686746,3.072912333333333
2025-05-17,VegaTrans,163,0.8429,64.01,2255.59,21.29,14.96,214,0,8,7,3.05,26,480.215111,2.9461049754601225
2025-05-18,MarsLog,159,0.8261,58.65,2198.6,18.0,6.34,218,0,4,4,3.39,28,395.748,2.488981132075472
2025-05-18,OrionCargo,196,0.8281,57.38,4671.18,21.46,19.81,188,1,9,8,3.2,34,1002.4352280000002,5.114465448979593
2025-05-18,VegaTrans,194,0.8504,52.87,4536.48,27.88,11.7,207,1,2,1,3.87,29,1264.7706239999998,6.519436206185566
2025-05-19,MarsLog,184,0.841,60.08,3177.23,19.14,10.0,282,0,4,3,3.64,29,608.1218220000001,3.3050099021739134
2025-05-19,OrionCargo,173,0.8232,49.48,2264.83,24.12,16.25,348,2,5,4,4.06,31,546.276996,3.157670497109827
2025-05-19,VegaTrans,197,0.8299,51.56,3240.44,21.66,13.81,276,1,4,4,3.41,34,701.879304,3.562839106598985
2025-05-20,MarsLog,208,0.888,51.08,3323.14,23.95,10.19,261,2,6,4,4.13,23,795.89203,3.826403990384615
2025-05-20,OrionCargo,190,0.8,56.45,4295.66,22.7,19.5,255,2,10,9,3.88,38,975.11482,5.132183263157895
2025-05-20,VegaTrans,186,0.8113,56.76,2902.14,21.68,5.83,233,0,8,6,3.54,35,629.183952,3.3827094193548386
2025-05-21,MarsLog,169,0.894,51.71,2046.94,23.06,13.28,244,1,5,5,3.53,18,472.024364,2.793043573964497
2025-05-21,OrionCargo,147,0.8358,51.17,1896.45,18.0,20.99,358,1,2,1,3.5,24,341.361,2.3221836734693877
2025-05-21,VegaTrans,189,0.8038,44.34,3658.3,18.0,20.96,250,2,0,0,3.35,37,658.4939999999999,3.4840952380952377
2025-05-22,MarsLog,172,0.9028,59.43,3488.52,21.94,12.56,317,0,4,3,3.85,17,765.381288,4.449891209302326
2025-05-22,OrionCargo,158,0.8798,53.36,3799.21,19.16,10.64,364,1,6,4,2.97,19,727.928636,4.607143265822785
2025-05-22,VegaTrans,131,0.8266,55.03,3228.75,18.0,13.82,214,0,0,0,3.3,23,581.1750000000001,4.43645038167939
2025-05-23,MarsLog,197,0.8972,51.0,3084.37,20.15,7.25,233,0,2,0,3.13,20,621.500555,3.1548251522842636
2025-05-23,OrionCargo,182,0.8497,63.4,2258.56,24.13,14.75,214,2,5,5,3.1,27,544.9905279999999,2.9944534505494502
2025-05-23,VegaTrans,205,0.8961,48.19,4628.54,20.42,13.92,173,1,0,0,3.95,21,945.1478680000001,4.61047740487805
2025-05-24,MarsLog,220,0.8908,55.36,5306.28,21.34,17.12,294,0,0,0,4.3,24,1132.360152,5.1470915999999995
2025-05-24,OrionCargo,187,0.8924,57.14,2754.98,20.83,17.01,230,2,3,1,3.63,20,573.862334,3.0687825347593582
2025-05-24,VegaTrans,154,0.8531,47.51,3456.99,23.89,5.0,275,1,10,9,4.21,23,825.874911,5.362824097402598
2025-05-25,MarsLog,151,0.8098,57.04,1967.23,22.72,10.19,265,0,5,4,3.48,29,446.954656,2.9599646092715233
2025-05-25,OrionCargo,159,0.863,50.01,3485.43,19.21,11.49,340,1,3,2,2.9,22,669.5511029999999,4.211013226415094
2025-05-25,VegaTrans,199,0.8833,55.34,4495.44,19.61,13.26,308,2,5,5,3.97,23,881.5557839999998,4.429928562814069
2025-05-26,MarsLog,159,0.8942,55.57,3123.19,20.37,13.59,277,3,5,5,3.58,17,636.193803,4.0012188867924525
2025-05-26,OrionCargo,179,0.8388,54.71,2637.74,19.04,16.55,291,1,8,6,3.06,29,502.2256959999999,2.8057301452513963
2025-05-26,VegaTrans,138,0.8229,54.58,3018.58,18.24,16.42,215,0,8,8,3.31,24,550.588992,3.989775304347826
2025-05-27,MarsLog,175,0.8533,56.65,3152.44,24.11,15.68,325,0,4,2,3.95,26,760.053284,4.343161622857143
2025-05-27,OrionCargo,172,0.8,60.58,3282.23,21.8,17.69,210,2,4,4,3.48,34,715.5261399999999,4.160035697674418
2025-05-27,VegaTrans,166,0.8162,56.93,3292.94,22.51,11.53,292,2,4,3,3.54,31,741.240794,4.465305987951807
2025-05-28,MarsLog,210,0.9034,51.01,4839.04,22.83,5.0,402,2,5,4,3.66,20,1104.752832,5.260727771428571
2025-05-28,OrionCargo,220,0.8414,56.54,4185.02,23.72,17.07,325,0,5,4,3.58,35,992.686744,4.512212472727272
2025-05-28,VegaTrans,186,0.8638,55.06,2727.01,20.35,21.09,317,1,3,1,3.03,25,554.9465350000002,2.983583521505377
2025-05-29,MarsLog,220,0.9051,47.46,3205.39,22.57,16.42,160,0,4,3,3.92,21,723.456523,3.2884387409090907
2025-05-29,OrionCargo,161,0.8413,55.75,4024.68,22.11,13.8,327,0,0,0,3.43,26,889.856748,5.527060546583852
2025-05-29,VegaTrans,180,0.8777,53.54,3377.26,20.79,12.05,267,1,9,7,3.41,22,702.1323540000001,3.9007353000000005
2025-05-30,MarsLog,177,0.8176,53.13,3455.28,25.56,14.28,323,0,8,6,3.32,32,883.169568,4.989658576271187
2025-05-30,OrionCargo,125,0.8,49.8,1859.24,23.93,14.01,379,1,4,2,3.12,25,444.916132,3.559329056
2025-05-30,VegaTrans,158,0.8102,56.04,3025.45,21.65,20.04,340,1,4,3,3.87,30,655.0099249999998,4.14563243670886
2025-05-31,MarsLog,161,0.8856,62.4,2879.61,25.15,15.45,341,2,4,4,4.05,18,724.2219150000001,4.498272763975156
2025-05-31,OrionCargo,147,0.8772,61.7,2589.77,22.56,13.02,294,0,5,5,3.5,18,584.252112,3.974504163265306
2025-05-31,VegaTrans,195,0.8019,50.95,2384.9,25.92,9.73,298,2,9,7,2.84,39,618.1660800000001,3.170082461538462
2025-06-01,MarsLog,179,0.8,49.31,2793.8,24.52,14.58,290,2,5,5,4.26,36,685.03976,3.8270377653631287
2025-06-01,OrionCargo,166,0.8196,67.74,2672.67,20.6,16.92,294,0,4,2,3.54,30,550.5700200000001,3.31668686746988
2025-06-01,VegaTrans,148,0.8436,54.47,3242.94,19.66,14.72,310,0,7,5,3.99,23,637.562004,4.307851378378379
2025-06-02,MarsLog,151,0.8445,65.42,1826.44,24.0,11.33,269,4,4,4,3.63,23,438.34560000000005,2.902950993377484
2025-06-02,OrionCargo,129,0.8418,41.04,2524.26,18.0,9.45,242,3,6,5,3.68,20,454.36680000000007,3.522223255813954
2025-06-02,VegaTrans,175,0.8862,52.39,2661.14,22.12,21.88,222,2,2,2,3.6,20,588.644168,3.3636809600000004
2025-06-03,MarsLog,189,0.9052,53.86,3647.45,19.2,12.2,331,2,6,6,4.05,18,700.3104,3.7053460317460316
2025-06-03,OrionCargo,176,0.9342,54.1,2796.68,21.01,9.51,298,0,4,2,3.55,12,587.5824680000001,3.3385367500000003
2025-06-03,VegaTrans,121,0.8001,57.36,2246.55,22.87,13.92,291,0,2,1,2.86,24,513.7859850000001,4.246165165289257
2025-06-04,MarsLog,150,0.9088,54.64,2152.71,25.73,9.32,311,1,9,7,3.97,14,553.892283,3.69261522
2025-06-04,OrionCargo,124,0.8589,56.14,2357.18,21.06,13.34,297,0,7,5,3.58,17,496.422108,4.003404096774194
2025-06-04,VegaTrans,220,0.8492,56.52,3298.93,21.53,16.33,289,4,3,1,3.75,33,710.259629,3.228452859090909
2025-06-05,MarsLog,173,0.8531,58.1,3239.03,22.64,13.77,206,0,3,1,4.39,25,733.3163920000001,4.238823075144509
2025-06-05,OrionCargo,177,0.8468,53.83,3257.02,20.79,12.28,287,1,2,2,3.77,27,677.134458,3.825618406779661
2025-06-05,VegaTrans,161,0.8472,59.93,2353.06,20.45,13.33,218,0,5,3,3.53,25,481.20077,2.988824658385093
2025-06-06,MarsLog,182,0.8412,58.0,2256.06,21.48,18.98,311,0,10,8,3.58,29,484.601688,2.6626466373626374
2025-06-06,OrionCargo,181,0.8486,59.56,3889.15,22.84,12.16,279,2,4,3,3.24,27,888.28186,4.90763458563536
2025-06-06,VegaTrans,163,0.8415,60.36,2930.62,22.99,8.7,294,2,2,0,3.48,26,673.7495379999999,4.133432748466257
2025-06-07,MarsLog,137,0.8805,60.44,2209.09,24.15,5.69,255,0,5,5,3.42,16,533.495235,3.894125802919708
2025-06-07,OrionCargo,141,0.8279,49.19,2344.9,22.86,15.92,378,1,3,2,3.47,24,536.04414,3.801731489361702
2025-06-07,VegaTrans,177,0.8072,55.42,4253.77,20.84,22.42,275,3,9,9,3.11,34,886.485668,5.0083936045197746
2025-06-08,MarsLog,179,0.8264,45.02,3041.61,21.15,15.48,308,1,6,6,3.41,31,643.3005149999999,3.5938576256983237
2025-06-08,OrionCargo,213,0.8,40.97,3271.49,27.46,11.47,309,0,4,4,3.47,43,898.3511540000001,4.217611051643193
2025-06-08,VegaTrans,173,0.8298,52.97,3204.32,19.21,11.4,290,1,9,8,3.53,29,615.549872,3.5580917456647403
2025-06-09,MarsLog,180,0.8884,66.02,3124.12,23.3,14.71,211,2,5,5,3.85,20,727.9199600000001,4.0439997777777785
2025-06-09,OrionCargo,207,0.8146,59.36,4360.83,18.82,13.83,218,1,2,1,3.34,38,820.708206,3.9647739420289856
2025-06-09,VegaTrans,140,0.8285,53.27,2137.17,18.51,10.45,246,1,0,0,3.21,24,395.59016700000006,2.8256440500000006
2025-06-10,MarsLog,171,0.8669,62.64,2389.85,20.05,11.88,213,1,6,5,3.86,23,479.164925,2.8021340643274852
2025-06-10,OrionCargo,196,0.9537,47.0,4554.5,23.59,16.92,189,0,1,0,3.21,9,1074.40655,5.481666071428571
2025-06-10,VegaTrans,179,0.8265,53.9,2807.82,25.5,13.14,161,1,0,0,3.97,31,715.9941000000001,3.9999670391061457
2025-06-11,MarsLog,203,0.8685,46.5,3648.21,19.8,21.37,299,1,8,7,3.18,27,722.34558,3.5583526108374386
2025-06-11,OrionCargo,157,0.8935,54.32,2354.93,19.89,16.96,217,0,3,3,4.0,17,468.395577,2.9834113184713376
2025-06-11,VegaTrans,198,0.8649,55.74,4583.88,21.24,12.69,265,0,2,2,3.43,27,973.6161119999999,4.917253090909091
2025-06-12,MarsLog,179,0.8541,56.74,4153.51,19.72,14.25,266,1,6,6,2.89,26,819.0721719999999,4.575822189944134
2025-06-12,OrionCargo,132,0.8633,51.2,2610.49,21.97,10.77,275,3,0,0,3.76,18,573.524653,4.344883734848485
2025-06-12,VegaTrans,171,0.8869,53.68,2690.57,19.03,11.81,364,1,4,4,2.78,19,512.015471,2.9942425204678367
2025-06-13,MarsLog,123,0.8775,63.52,2981.0,20.84,14.0,330,1,0,0,3.84,15,621.2404,5.050734959349594
2025-06-13,OrionCargo,208,0.8969,58.49,4627.83,18.0,14.04,338,0,9,8,3.77,21,833.0094,4.004852884615385
2025-06-13,VegaTrans,153,0.8303,55.1,2870.92,26.84,16.13,236,0,6,6,3.09,26,770.554928,5.036306718954249
2025-06-14,MarsLog,180,0.8325,46.57,4348.27,19.7,8.55,174,0,1,1,3.82,30,856.60919,4.758939944444444
2025-06-14,OrionCargo,201,0.8772,55.94,3276.88,26.28,11.24,317,1,5,3,3.93,25,861.164064,4.284398328358209
2025-06-14,VegaTrans,164,0.8566,47.18,3907.24,24.14,10.92,279,2,0,0,3.62,24,943.2077359999998,5.751266682926828
2025-06-15,MarsLog,132,0.8071,53.58,2317.6,20.55,10.48,346,1,0,0,3.4,25,476.2668,3.608081818181818
2025-06-15,OrionCargo,142,0.8858,50.96,2297.83,23.65,15.88,260,1,1,0,3.42,16,543.436795,3.8270196830985914
2025-06-15,VegaTrans,164,0.9361,62.02,3579.55,21.68,8.63,255,0,5,5,4.12,10,776.0464400000001,4.731990487804879
2025-06-16,MarsLog,143,0.8263,56.75,2204.01,21.36,15.41,292,1,2,0,3.13,25,470.776536,3.2921436083916085
2025-06-16,OrionCargo,180,0.8972,49.47,4060.5,22.19,12.32,274,3,0,0,3.29,19,901.02495,5.005694166666666
2025-06-16,VegaTrans,144,0.8399,49.68,3501.95,21.67,5.68,253,2,5,5,3.57,23,758.8725650000001,5.269948368055556
2025-06-17,MarsLog,176,0.8369,58.67,4339.06,20.29,10.96,314,1,8,7,3.45,29,880.3952740000001,5.002245875000001
2025-06-17,OrionCargo,208,0.8692,55.96,3932.74,22.18,15.42,258,1,10,8,3.11,27,872.2817319999999,4.193662173076922
2025-06-17,VegaTrans,206,0.8915,52.35,2920.49,23.98,7.02,187,0,6,6,4.28,22,700.333502,3.3996771941747572
2025-06-18,MarsLog,147,0.8851,48.92,2064.74,18.0,10.0,216,0,4,4,3.81,17,371.65319999999997,2.52825306122449
2025-06-18,OrionCargo,204,0.8357,52.68,4201.9,23.86,7.23,190,2,2,2,3.76,34,1002.5733399999999,4.914575196078431
2025-06-18,VegaTrans,143,0.8859,55.33,3325.23,18.57,12.42,257,1,8,6,3.63,16,617.4952109999999,4.318148328671328
2025-06-19,MarsLog,169,0.8826,50.9,3637.74,21.63,16.21,183,4,3,3,3.77,20,786.8431619999999,4.655876698224851
2025-06-19,OrionCargo,199,0.8044,65.14,2440.62,20.44,13.7,186,3,2,2,3.42,39,498.862728,2.506847879396985
2025-06-19,VegaTrans,212,0.8,50.73,2585.82,18.0,11.99,171,2,2,1,3.21,42,465.4476,2.1955075471698113
2025-06-20,MarsLog,145,0.807,68.25,1880.3,19.57,8.54,274,2,1,0,3.86,28,367.97471,2.537756620689655
2025-06-20,OrionCargo,111,0.8373,56.45,2088.36,21.09,13.6,281,2,0,0,3.07,18,440.43512400000003,3.967884
2025-06-20,VegaTrans,121,0.8794,58.23,2106.23,21.25,14.88,277,1,6,4,3.56,15,447.573875,3.698957644628099
2025-06-21,MarsLog,161,0.8356,61.11,2188.35,22.57,17.8,275,1,4,3,3.36,26,493.91059499999994,3.067767670807453
2025-06-21,OrionCargo,170,0.8246,56.81,3205.0,24.36,16.44,341,2,9,8,3.96,30,780.7379999999999,4.592576470588235
2025-06-21,VegaTrans,136,0.8526,61.99,2055.01,18.88,16.79,233,2,1,0,3.86,20,387.985888,2.852837411764706
2025-06-22,MarsLog,84,0.8517,65.1,1152.18,25.64,10.22,323,2,0,0,3.9,12,295.41895200000005,3.5168922857142864
2025-06-22,OrionCargo,159,0.8651,42.01,2579.17,19.69,12.73,147,1,3,2,3.43,21,507.83857300000005,3.1939532893081766
2025-06-22,VegaTrans,186,0.9353,62.17,2658.56,18.0,13.37,338,0,5,4,3.81,12,478.5408,2.5728
2025-06-23,MarsLog,149,0.8725,38.28,3260.72,21.0,15.81,258,2,5,3,3.71,19,684.7511999999999,4.5956456375838926
2025-06-23,OrionCargo,198,0.8738,52.99,4679.95,20.22,12.61,263,1,0,0,3.73,25,946.2858899999999,4.7792216666666665
2025-06-23,VegaTrans,180,0.8648,50.89,4077.46,26.85,6.14,282,0,7,6,3.66,24,1094.79801,6.082211166666666
2025-06-24,MarsLog,142,0.8155,63.64,3419.69,21.7,8.53,369,0,7,6,3.26,26,742.07273,5.225864295774648
2025-06-24,OrionCargo,147,0.8,48.29,3606.04,19.53,13.42,276,2,5,3,3.31,29,704.2596120000001,4.790881714285715
2025-06-24,VegaTrans,144,0.859,63.44,3331.58,22.4,5.52,307,2,7,5,4.14,20,746.2739199999999,5.182457777777777
2025-06-25,MarsLog,153,0.8042,64.78,2092.65,18.9,7.33,242,1,7,6,3.19,30,395.51085,2.5850382352941175
2025-06-25,OrionCargo,149,0.807,51.86,1798.46,24.45,10.19,288,2,0,0,4.01,29,439.72347,2.9511642281879196
2025-06-25,VegaTrans,171,0.8201,58.05,2530.49,18.98,5.06,288,0,6,5,4.19,31,480.2870019999999,2.8086959181286546
2025-06-26,MarsLog,151,0.9316,44.04,2705.07,22.14,20.09,242,1,4,4,3.41,10,598.902498,3.966241708609272
2025-06-26,OrionCargo,166,0.8279,57.85,3512.3,21.62,21.37,140,2,13,13,3.39,29,759.3592600000002,4.574453373493977
2025-06-26,VegaTrans,161,0.8281,44.73,2816.37,22.66,9.52,217,0,0,0,3.21,28,638.189442,3.9639095776397513
2025-06-27,MarsLog,149,0.8206,67.2,2418.34,23.73,11.41,171,1,4,4,3.93,27,573.8720820000001,3.851490483221477
2025-06-27,OrionCargo,160,0.881,59.32,2761.4,26.48,8.28,228,2,0,0,4.2,19,731.2187200000001,4.570117000000001
2025-06-27,VegaTrans,159,0.8,63.02,3693.79,19.48,10.28,237,0,1,0,4.16,32,719.550292,4.525473534591195
2025-06-28,MarsLog,128,0.8712,63.22,2757.76,28.0,9.39,307,0,7,7,3.44,16,772.1728,6.0326
2025-06-28,OrionCargo,148,0.8634,51.05,2021.13,19.79,10.82,278,0,0,0,3.95,20,399.981627,2.702578560810811
2025-06-28,VegaTrans,164,0.8794,57.41,2383.97,21.19,12.8,322,2,4,3,3.61,20,505.16324299999997,3.080263676829268
2025-06-29,MarsLog,95,0.8411,54.52,1601.2,23.97,17.99,246,2,2,1,3.87,15,383.80764,4.0400804210526315
2025-06-29,OrionCargo,171,0.8731,56.23,2069.8,19.27,11.7,277,1,5,3,3.61,22,398.85046,2.3324588304093568
2025-06-29,VegaTrans,162,0.887,51.99,2392.0,20.11,13.48,413,3,2,2,3.79,18,481.0312,2.9693283950617286
